text,label
"Товар виглядав добре на перший погляд, але після кількох днів використання розчарував повністю. Матеріали дуже низької якості, все почало ламатися буквально на очах. Інструкція не інформативна, а технічна підтримка ігнорує запити. Не рекомендую купувати, щоб не витрачати гроші даремно.", негативний  
"Рекламували цей товар як надійний і функціональний, але насправді це марна трата грошей. Він абсолютно не виконує заявлених функцій, а замість цього постійно створює додаткові труднощі. Навіть після ремонту ситуація не змінилася, товар залишається непридатним для використання.", негативний  
"Робот-пилосос Ecovacs Deebot N8 залишає багато пилу навіть після тривалого прибирання. Часто застряє під меблями, доводиться постійно стежити. Додаток працює з перебоями, карта приміщення не зберігається, загальне враження негативне. розчарування покупкою", негативний  
"Мультиварка Moulinex MK7078 стала величезним розчаруванням. Спочатку все працювало нормально, але через місяць почалися проблеми: програми зависають, їжа пригорає навіть на низьких температурах, а чаша швидко втратила антипригарне покриття. Інструкція незрозуміла, а сервісний центр запропонував лише платний ремонт. Абсолютно не раджу.", негативний  
"Пилосос Samsung VC18M2120SB виявився дуже непрактичним. Шнур занадто короткий для прибирання великої кімнати, а потужність всмоктування слабка навіть на максимальному режимі. Контейнер для сміття незручно мити, а фільтри забиваються після кожного використання. Для своєї ціни товар зовсім не виправдовує себе.", негативний  
"Холодильник LG GA-B509 виявився суцільною проблемою. Через три місяці почав видавати гучні звуки, а морозильна камера перестала працювати належним чином. Температура всередині основного відділення постійно коливається, і продукти швидко псуються. Звернення до сервісу не допомогло, втрачений час і гроші.", негативний  
"Блендер Ninja BL642 працює чудово, дуже потужний, справляється навіть із замороженими продуктами. Контейнер зручно мити, насадки легко змінюються. Якість матеріалів і збірки на високому рівні, рекомендую для всіх любителів кулінарії.", позитивний  
"Робот-пилосос Xiaomi Mi Robot Vacuum-Mop 2 Pro прибирає ідеально, дуже зручний у використанні, легко підключається до телефону. Навігація точна, не пропускає кути. Чистить навіть килими з високим ворсом, повністю задоволена.", позитивний  
"Мікрохвильова піч Panasonic NN-GD37HSZTE має сучасний дизайн, працює швидко й ефективно. Всі функції, зокрема гриль, працюють чудово. Легко чиститься і займає мінімум місця, тепер це мій улюблений кухонний гаджет!", позитивний  
"Замовила цей продукт для роботи, і він перевершив усі мої очікування. Простий у використанні, функціональний і зручний. Якість на висоті, а ціна цілком виправдана. Рекомендую всім!", позитивний  
"Товар працює як заявлено, але є кілька нюансів. Упаковка пошкодилася при транспортуванні, і це трохи зіпсувало враження. Загалом нормальний варіант для своєї ціни.", нейтральний  
"Розчарована покупкою. Продукт перестав працювати через тиждень використання. Технічна підтримка теж не допомогла. Не рекомендую купувати, адже якість дуже сумнівна.", негативний  
"Купила цей товар для подарунка, і одержувач був у захваті! Стильний дизайн, висока якість і простота використання. Дуже задоволена цією покупкою!", позитивний  
"Товар начебто хороший, але є кілька мінусів. Наприклад, потрібно більше часу на налаштування, ніж обіцяли. Загалом працює добре, але трохи не дотягує до ідеалу, тому нормально", нейтральний  
"Не відповідає опису. Якість матеріалів залишає бажати кращого, і функціональність не відповідає заявленій. Повне розчарування. Витрачені гроші не варті цього товару.", негативний  
"Вражена якістю! Дуже функціональний і зручний у використанні продукт. Легко налаштовується, не потребує додаткових зусиль, і працює як годинник. Рекомендую без жодних сумнівів!", позитивний  
"Продукт виглядає добре, але є деякі дрібні недоліки. В цілому, його можна використовувати, але я очікувала трохи більшої зручності і простоти у роботі.", нейтральний  
"Найгірша покупка за останній час. Товар вийшов з ладу через кілька днів. Якість на нулі, повернення коштів затримали. Не рекомендую.", негативний  
"Цей продукт став справжнім порятунком для мене! Легкий у використанні, якісний і функціональний. Жодних проблем під час роботи. Дуже задоволена цією покупкою!", позитивний  
"Непоганий товар, але є певні недоліки. Під час роботи іноді виникають збої, хоча вони не критичні. Загалом, свою функцію виконує.", нейтральний  
"Цей товар був повним розчаруванням. Не працює як обіцяно, і до того ж виготовлений з дешевого матеріалу. Нікому не раджу купувати.", негативний  
"Товар виявився середнім за якістю. Працює нормально, але часом здається, що це недопрацьований продукт. За таку ціну міг би бути кращим.", нейтральний  
"Жахливий досвід! Продукт не відповідає опису, функції працюють з перебоями, матеріали виглядають дешевими. Зовсім не рекомендую цей товар для покупки.", негативний  
"Цей товар перевершив усі мої очікування! Він зручний, якісний і простий у використанні. Ідеальний вибір для тих, хто шукає щось надійне.", позитивний  
"Після використання залишилися неоднозначні враження. Товар працює нормально, але упаковка була пошкоджена, і це трохи зіпсувало загальне враження.", нейтральний  
"Не рекомендую купувати цей продукт. Дуже низька якість матеріалів, працює нестабільно, і технічна підтримка не вирішує проблеми. Даремно витрачені гроші.", негативний  
"Замовлення повністю виправдало очікування! Простий у налаштуванні, функціональний і стильний. Використовую його щодня і дуже задоволена! Рекомендую всім друзям і знайомим.", позитивний  
"Середній товар. Він працює, але є деякі незручності. Наприклад, потрібно більше часу на запуск, ніж обіцяли. Не найкращий, але прийнятний вибір.", нейтральний  
"Гірше товару я ще не купувала. Виготовлений з дешевих матеріалів, працює нестабільно, функціональність залишає бажати кращого. Даремно витрачені кошти.", негативний  
"Цей товар просто ідеальний для моїх потреб! Всі заявлені функції працюють бездоганно, матеріали виглядають якісно. Купівля повністю виправдала мої очікування. Раджу спробувати всім!", позитивний  
"Товар наче нормальний, але є деякі моменти, які можна було б покращити. Наприклад, інструкція написана незрозуміло. Загалом, працює, але враження не найкраще.", нейтральний  
"Не раджу цей продукт. Уже через кілька днів почалися проблеми з функціонуванням. Опис в інтернеті абсолютно не відповідає реальності. Дуже розчарована.", негативний  
"Придбала для роботи, і тепер не уявляю, як обходилася без цього раніше. Надійний, функціональний і дуже простий у використанні. Однозначно рекомендую!", позитивний  
"Товар нормальний, але має кілька недоліків. Наприклад, під час роботи він трохи шумить, а це незручно. Загалом, свій функціонал виконує, але не більше.", нейтральний  
"Жахливий досвід. Продукт вийшов з ладу через кілька тижнів. Матеріали виглядають дешевими, підтримка клієнтів ігнорує звернення. Даремно витрачені гроші.", негативний  
"Товар працює нормально, але є деякі нюанси, які зіпсували враження. Наприклад, тривала доставка і пошкоджена упаковка. Загалом, товар непоганий, але не ідеальний.", нейтральний  
"Дуже неякісний продукт. Виглядає дешево, функціонує з перебоями. Через кілька днів перестав працювати взагалі. Нікому не раджу купувати. Шкода витрачених грошей.", негативний  
"Купівля стала для мене справжньою знахідкою! Продукт якісний, функціональний і зручний у використанні. Жодних нарікань, тільки позитивні враження. Дуже задоволена!", позитивний  
"Середній продукт. Працює, але має кілька недоліків. Інструкція незрозуміла, а матеріали могли б бути кращими. Для своїх грошей прийнятний вибір, але не більше.", нейтральний  
"Гірше цього товару я ще не купувала. Він повністю розчарував – низька якість, постійні збої у роботі. Даремно витрачені гроші.", негативний  
"Продукт перевершив усі мої очікування! Легкий у використанні, якісний, функціональний і дуже надійний. Використовую його кожного дня. Однозначно рекомендую всім!", позитивний  
"Товар непоганий, але не дотягує до високих стандартів. Наприклад, упаковка була пошкоджена, а сам продукт трохи складний у використанні. Загалом, прийнятний вибір.", нейтральний  
"Жахливий товар! Уже після першого використання виникли проблеми. Технічна підтримка нічим не допомогла. Абсолютно не рекомендую цю покупку.", негативний  
"Цей товар – справжній порятунок для мене! Легкий, надійний і дуже функціональний. Жодних проблем у використанні, тільки позитивні враження. Рекомендую всім!", позитивний  
"Товар середній. Функціонує, але є кілька моментів, які викликають дискомфорт під час використання. Могло бути краще, але за свою ціну це непоганий варіант.", нейтральний  
"Продукт став чудовим доповненням до моїх щоденних справ. Легко налаштовується, працює стабільно, якість на висоті. Дуже задоволена покупкою і однозначно рекомендую!", позитивний  
"Купила робот-пилосос Xiaomi Mi Robot Vacuum, і це було правильне рішення! Він чудово справляється з прибиранням, має велику потужність і здатний дістатися до важкодоступних місць. Рекомендую всім!", позитивний
"Фен Braun HD580 сушить швидко, але дуже шумний. Концентратор виглядає ненадійно, після місяця використання почав хитатися. Функціонал стандартний, без особливих фішок.", нейтральний 
"Принтер HP LaserJet M110w друкує чітко, але повільно. Налаштування Wi-Fi з’єднання викликало труднощі. Для домашнього використання підійде, але не більше.", нейтральний 
"Ноутбук ASUS ZenBook 14 працює бездоганно, дуже легкий і компактний. Екран яскравий, акумулятор тримає майже цілий день. Тиха клавіатура і приємний дизайн — справжнє задоволення.", позитивний
"Пилосос Dyson V15 Detect працює неймовірно ефективно, легко очищає навіть дрібний пил. Акумулятора вистачає на прибирання всієї квартири. Легко мити контейнер і змінювати насадки.", позитивний
"Смарт-телевізор Philips Ambilight 50PUS8506 вражає якістю зображення і підсвіткою Ambilight. Інтуїтивне меню, швидке з'єднання з Wi-Fi і багато додаткових функцій. Рекомендую.", позитивний
"Зволожувач повітря Xiaomi Smart Humidifier 2 працює тихо, забезпечує свіжість у кімнаті навіть у мороз. Ємність для води велика, вистачає на цілу ніч. Дуже задоволена покупкою.", позитивний
"Електросамокат Kugoo S3 зручний для міста, але батарея швидко сідає. На третій день почали скрипіти гальма, а на максимальній швидкості чути сторонні звуки. Надійність залишає бажати кращого.", негативний
"Соковитискач Bosch MES3500 виглядає надійно, але це оманливе враження. Мотор перегрівається після кількох хвилин роботи, а шматки фруктів залишаються непросоченими. Важко мити всі деталі, а сам соковитискач дуже гучний. Не рекомендую!", негативний
"Не купуйте цей товар! Він виявився не таким, як обіцяли в описі. Практично з першого ж дня він почав працювати з перебоями, а через кілька тижнів зовсім вийшов з ладу. Обіцяна функціональність не реалізована, а гарантія не покриває поломки. Товар не відповідає своїй ціні і явно не вартий покупки.", негативний
"Цей товар абсолютно не виправдав моїх очікувань. Після першого використання він почав поводитись дивно, а коли я звернулась до виробника за допомогою, то отримала лише стандартні відповіді. Нічого не було зроблено для вирішення проблеми, і тепер товар просто лежить без використання. Дуже розчарована!", негативний
"Цей товар виявився справжнім розчаруванням. З самого початку використання виникли проблеми з його функціональністю. Він не виконує свою основну задачу, а якість матеріалів дуже низька. Через пару тижнів почали з'являтися дефекти, а сервісна підтримка абсолютно не допомогла. Однозначно не рекомендую!", негативний
"Після кількох тижнів використання товар показав себе досить посередньо. Він працює, але не настільки ефективно, як хотілося б. Якість матеріалів залишає бажати кращого, але для повсякденного використання це ще більш-менш підходить, тому не даремно хоч кошти витрачені", нейтральний 
"Дизайн і зовнішній вигляд товару мені сподобалися, але з функціональності не все так чудово. Інтерфейс дещо незручний, а деякі функції працюють з затримкою. Все ж, якщо не ставити високих вимог, то товар непоганий.", нейтральний 